Plant,Plant,Route,Route Description,Transporter,Transporter Name,Truck No,Vechicle Type,Capacity,Milk Qty/Day,Per day KM,KM Rate,Fixed KM Rate,Per day Hire,CPL,UTI %
1142,Uthangarai,M10126,Bargoor,6015285,SALAVUDEEN SYEDBASHA UTHANGARA,TN24BD2089,307 KM,3100,1043.7530384054448,168,7.56,540,1810.08,1.7342033348858872,33.66945285178854
1142,Uthangarai,M10134,Kanthili-II,6002446,G.ANNADURAI TRANSPORT,TN24E4629,307 KM,3100,1626.3490520175014,210,7.69,565,2179.9,1.3403641716984516,52.46287264572585
1142,Uthangarai,M10135,Harur,6000572,R.SAMIKANNU TRANSPORT,TN29BX8581,307 KM,3100,918.4248906174039,150,7.56,540,1674,1.8226857929282239,29.626609374754963
1142,Uthangarai,M11515,Singarapettai,6014244,KALAISELVI MOHAN  UTHANGARAI T,TN24K4057,TATA ACE,2200,1434.6135148274186,104,9.69,100,1107.76,0.7721661538461538,65.20970521942812
1142,Uthangarai,M11830,MATHURPATHI,6006014,S DHILIPKUMAR TRANSPORT,TN29AR7137,307 KM,3100,880.3111327175499,178,7.69,565,1933.8200000000002,2.196746045946543,28.39713331346935
1142,Uthangarai,M13169,Visuvasampatti,6015398,C THIRUMAL UTHANGARAI TRANSPOR,TN23AL8195,TATA ACE,2200,1450.9479824987845,156,9.69,130,1641.6399999999999,1.131425812504188,65.95218102267202
1142,Uthangarai,M13483,Manmalai-I,6012723,M MANIKANDAN CHENGAM TRANSPORT,TN25AZ7944,TATA ACE,2200,1147.4963539134662,188,9.69,0,1821.7199999999998,1.5875605998983222,52.15892517788483
Grand Total,,,,,,,,19000,8501.89596499757,1154,,2440,12168.919999999998,1.4313183847578965,44.746820868408264
